subreddit,count
politics,48984
vermont,25700
burlington,12814
SandersForPresident,10097
news,8131
USCensus2020,7630
AskReddit,7516
worldnews,7315
FundieSnarkUncensored,5322
liberalgunowners,5116
Political_Revolution,4811
icecoast,4448
Coronavirus,4336
FriendsofthePod,3938
cornsnakes,3673
Christianity,3500
wallstreetbets,3352
nba,3322
VoteDEM,3238
u_offbeatagent,3212
pics,3182
BigIsland,3172
BanPitBulls,2729
skiing,2571
nfl,2505
Republican_misdeeds,2434
hillaryclinton,2408
firefox,2358
SubredditDrama,2322
cowboys,2228
